x,y
data/case_20211030/x/0001.png,data/case_20211030/y/0001.png
data/case_20211030/x/0002.png,data/case_20211030/y/0002.png
data/case_20211030/x/0003.png,data/case_20211030/y/0003.png
data/case_20211030/x/0004.png,data/case_20211030/y/0004.png
data/case_20211030/x/0005.png,data/case_20211030/y/0005.png
data/case_20211030/x/0006.png,data/case_20211030/y/0006.png
data/case_20211030/x/0007.png,data/case_20211030/y/0007.png
data/case_20211030/x/0008.png,data/case_20211030/y/0008.png
data/case_20211030/x/0009.png,data/case_20211030/y/0009.png
data/case_20211030/x/0010.png,data/case_20211030/y/0010.png
data/case_20211030/x/0011.png,data/case_20211030/y/0011.png
data/case_20211030/x/0012.png,data/case_20211030/y/0012.png
data/case_20211030/x/0013.png,data/case_20211030/y/0013.png
data/case_20211030/x/0014.png,data/case_20211030/y/0014.png
data/case_20211030/x/0015.png,data/case_20211030/y/0015.png
data/case_20211030/x/0016.png,data/case_20211030/y/0016.png
data/case_20211030/x/0017.png,data/case_20211030/y/0017.png
data/case_20211030/x/0018.png,data/case_20211030/y/0018.png
data/case_20211030/x/0019.png,data/case_20211030/y/0019.png
data/case_20211030/x/0020.png,data/case_20211030/y/0020.png
data/case_20211030/x/0021.png,data/case_20211030/y/0021.png
data/case_20211030/x/0022.png,data/case_20211030/y/0022.png
data/case_20211030/x/0023.png,data/case_20211030/y/0023.png
data/case_20211030/x/0024.png,data/case_20211030/y/0024.png
data/case_20211030/x/0025.png,data/case_20211030/y/0025.png
data/case_20211030/x/0026.png,data/case_20211030/y/0026.png
data/case_20211030/x/0027.png,data/case_20211030/y/0027.png
data/case_20211030/x/0028.png,data/case_20211030/y/0028.png
data/case_20211030/x/0029.png,data/case_20211030/y/0029.png
data/case_20211030/x/0030.png,data/case_20211030/y/0030.png
data/case_20211030/x/0031.png,data/case_20211030/y/0031.png
data/case_20211030/x/0032.png,data/case_20211030/y/0032.png
data/case_20211030/x/0033.png,data/case_20211030/y/0033.png
data/case_20211030/x/0034.png,data/case_20211030/y/0034.png
data/case_20211030/x/0035.png,data/case_20211030/y/0035.png
data/case_20211030/x/0036.png,data/case_20211030/y/0036.png
data/case_20211030/x/0037.png,data/case_20211030/y/0037.png
data/case_20211030/x/0038.png,data/case_20211030/y/0038.png
data/case_20211030/x/0039.png,data/case_20211030/y/0039.png
data/case_20211030/x/0040.png,data/case_20211030/y/0040.png
data/case_20211030/x/0041.png,data/case_20211030/y/0041.png
data/case_20211030/x/0042.png,data/case_20211030/y/0042.png
data/case_20211030/x/0043.png,data/case_20211030/y/0043.png
data/case_20211030/x/0044.png,data/case_20211030/y/0044.png
data/case_20211030/x/0045.png,data/case_20211030/y/0045.png
data/case_20211030/x/0046.png,data/case_20211030/y/0046.png
data/case_20211030/x/0047.png,data/case_20211030/y/0047.png
data/case_20211030/x/0048.png,data/case_20211030/y/0048.png
data/case_20211030/x/0049.png,data/case_20211030/y/0049.png
data/case_20211030/x/0050.png,data/case_20211030/y/0050.png
data/case_20211030/x/0051.png,data/case_20211030/y/0051.png
data/case_20211030/x/0052.png,data/case_20211030/y/0052.png
data/case_20211030/x/0053.png,data/case_20211030/y/0053.png
data/case_20211030/x/0054.png,data/case_20211030/y/0054.png
data/case_20211030/x/0055.png,data/case_20211030/y/0055.png
data/case_20211030/x/0056.png,data/case_20211030/y/0056.png
data/case_20211030/x/0057.png,data/case_20211030/y/0057.png
data/case_20211030/x/0058.png,data/case_20211030/y/0058.png
data/case_20211030/x/0059.png,data/case_20211030/y/0059.png
data/case_20211030/x/0060.png,data/case_20211030/y/0060.png
data/case_20211030/x/0061.png,data/case_20211030/y/0061.png
data/case_20211030/x/0062.png,data/case_20211030/y/0062.png
data/case_20211030/x/0063.png,data/case_20211030/y/0063.png
data/case_20211030/x/0064.png,data/case_20211030/y/0064.png
data/case_20211030/x/0065.png,data/case_20211030/y/0065.png
data/case_20211030/x/0066.png,data/case_20211030/y/0066.png
data/case_20211030/x/0067.png,data/case_20211030/y/0067.png
data/case_20211030/x/0068.png,data/case_20211030/y/0068.png
data/case_20211030/x/0069.png,data/case_20211030/y/0069.png
data/case_20211030/x/0070.png,data/case_20211030/y/0070.png
data/case_20211030/x/0071.png,data/case_20211030/y/0071.png
data/case_20211030/x/0072.png,data/case_20211030/y/0072.png
data/case_20211030/x/0073.png,data/case_20211030/y/0073.png
data/case_20211030/x/0074.png,data/case_20211030/y/0074.png
data/case_20211030/x/0075.png,data/case_20211030/y/0075.png
data/case_20211030/x/0076.png,data/case_20211030/y/0076.png
data/case_20211030/x/0077.png,data/case_20211030/y/0077.png
data/case_20211030/x/0078.png,data/case_20211030/y/0078.png
data/case_20211030/x/0079.png,data/case_20211030/y/0079.png
data/case_20211030/x/0080.png,data/case_20211030/y/0080.png
data/case_20211030/x/0081.png,data/case_20211030/y/0081.png
data/case_20211030/x/0082.png,data/case_20211030/y/0082.png
data/case_20211030/x/0083.png,data/case_20211030/y/0083.png
data/case_20211030/x/0084.png,data/case_20211030/y/0084.png
data/case_20211030/x/0085.png,data/case_20211030/y/0085.png
data/case_20211030/x/0086.png,data/case_20211030/y/0086.png
data/case_20211030/x/0087.png,data/case_20211030/y/0087.png
data/case_20211030/x/0088.png,data/case_20211030/y/0088.png
data/case_20211030/x/0089.png,data/case_20211030/y/0089.png
data/case_20211030/x/0090.png,data/case_20211030/y/0090.png
data/case_20211030/x/0091.png,data/case_20211030/y/0091.png
data/case_20211030/x/0092.png,data/case_20211030/y/0092.png
data/case_20211030/x/0093.png,data/case_20211030/y/0093.png
data/case_20211030/x/0094.png,data/case_20211030/y/0094.png
data/case_20211030/x/0095.png,data/case_20211030/y/0095.png
data/case_20211030/x/0096.png,data/case_20211030/y/0096.png
data/case_20211030/x/0097.png,data/case_20211030/y/0097.png
data/case_20211030/x/0098.png,data/case_20211030/y/0098.png
data/case_20211030/x/0099.png,data/case_20211030/y/0099.png
data/case_20211030/x/0100.png,data/case_20211030/y/0100.png
data/case_20211030/x/0101.png,data/case_20211030/y/0101.png
data/case_20211030/x/0102.png,data/case_20211030/y/0102.png
data/case_20211030/x/0103.png,data/case_20211030/y/0103.png
data/case_20211030/x/0104.png,data/case_20211030/y/0104.png
data/case_20211030/x/0105.png,data/case_20211030/y/0105.png
data/case_20211030/x/0106.png,data/case_20211030/y/0106.png
data/case_20211030/x/0107.png,data/case_20211030/y/0107.png
data/case_20211030/x/0108.png,data/case_20211030/y/0108.png
data/case_20211030/x/0109.png,data/case_20211030/y/0109.png
data/case_20211030/x/0110.png,data/case_20211030/y/0110.png
data/case_20211030/x/0111.png,data/case_20211030/y/0111.png
data/case_20211030/x/0112.png,data/case_20211030/y/0112.png
data/case_20211030/x/0113.png,data/case_20211030/y/0113.png
data/case_20211030/x/0114.png,data/case_20211030/y/0114.png
data/case_20211030/x/0115.png,data/case_20211030/y/0115.png
data/case_20211030/x/0116.png,data/case_20211030/y/0116.png
data/case_20211030/x/0117.png,data/case_20211030/y/0117.png
data/case_20211030/x/0118.png,data/case_20211030/y/0118.png
data/case_20211030/x/0119.png,data/case_20211030/y/0119.png
data/case_20211030/x/0120.png,data/case_20211030/y/0120.png
data/case_20211030/x/0121.png,data/case_20211030/y/0121.png
data/case_20211030/x/0122.png,data/case_20211030/y/0122.png
data/case_20211030/x/0123.png,data/case_20211030/y/0123.png
data/case_20211030/x/0124.png,data/case_20211030/y/0124.png
data/case_20211030/x/0125.png,data/case_20211030/y/0125.png
data/case_20211030/x/0126.png,data/case_20211030/y/0126.png
data/case_20211030/x/0127.png,data/case_20211030/y/0127.png
data/case_20211030/x/0128.png,data/case_20211030/y/0128.png
data/case_20211030/x/0129.png,data/case_20211030/y/0129.png
data/case_20211030/x/0130.png,data/case_20211030/y/0130.png
data/case_20211030/x/0131.png,data/case_20211030/y/0131.png
data/case_20211030/x/0132.png,data/case_20211030/y/0132.png
data/case_20211030/x/0133.png,data/case_20211030/y/0133.png
data/case_20211030/x/0134.png,data/case_20211030/y/0134.png
data/case_20211030/x/0135.png,data/case_20211030/y/0135.png
data/case_20211030/x/0136.png,data/case_20211030/y/0136.png
data/case_20211030/x/0137.png,data/case_20211030/y/0137.png
data/case_20211030/x/0138.png,data/case_20211030/y/0138.png
data/case_20211030/x/0139.png,data/case_20211030/y/0139.png
data/case_20211030/x/0140.png,data/case_20211030/y/0140.png
data/case_20211030/x/0141.png,data/case_20211030/y/0141.png
data/case_20211030/x/0142.png,data/case_20211030/y/0142.png
data/case_20211030/x/0143.png,data/case_20211030/y/0143.png
data/case_20211030/x/0144.png,data/case_20211030/y/0144.png
data/case_20211030/x/0145.png,data/case_20211030/y/0145.png
data/case_20211030/x/0146.png,data/case_20211030/y/0146.png
data/case_20211030/x/0147.png,data/case_20211030/y/0147.png
data/case_20211030/x/0148.png,data/case_20211030/y/0148.png
data/case_20211030/x/0149.png,data/case_20211030/y/0149.png
data/case_20211030/x/0150.png,data/case_20211030/y/0150.png
data/case_20211030/x/0151.png,data/case_20211030/y/0151.png
data/case_20211030/x/0152.png,data/case_20211030/y/0152.png
data/case_20211030/x/0153.png,data/case_20211030/y/0153.png
data/case_20211030/x/0154.png,data/case_20211030/y/0154.png
data/case_20211030/x/0155.png,data/case_20211030/y/0155.png
data/case_20211030/x/0156.png,data/case_20211030/y/0156.png
data/case_20211030/x/0157.png,data/case_20211030/y/0157.png
data/case_20211030/x/0158.png,data/case_20211030/y/0158.png
data/case_20211030/x/0159.png,data/case_20211030/y/0159.png
data/case_20211030/x/0160.png,data/case_20211030/y/0160.png
data/case_20211030/x/0161.png,data/case_20211030/y/0161.png
data/case_20211030/x/0162.png,data/case_20211030/y/0162.png
data/case_20211030/x/0163.png,data/case_20211030/y/0163.png
data/case_20211030/x/0164.png,data/case_20211030/y/0164.png
data/case_20211030/x/0165.png,data/case_20211030/y/0165.png
data/case_20211030/x/0166.png,data/case_20211030/y/0166.png
data/case_20211030/x/0167.png,data/case_20211030/y/0167.png
data/case_20211030/x/0168.png,data/case_20211030/y/0168.png
data/case_20211030/x/0169.png,data/case_20211030/y/0169.png
data/case_20211030/x/0170.png,data/case_20211030/y/0170.png
data/case_20211030/x/0171.png,data/case_20211030/y/0171.png
data/case_20211030/x/0172.png,data/case_20211030/y/0172.png
data/case_20211030/x/0173.png,data/case_20211030/y/0173.png
data/case_20211030/x/0174.png,data/case_20211030/y/0174.png
data/case_20211030/x/0175.png,data/case_20211030/y/0175.png
data/case_20211030/x/0176.png,data/case_20211030/y/0176.png
data/case_20211030/x/0177.png,data/case_20211030/y/0177.png
data/case_20211030/x/0178.png,data/case_20211030/y/0178.png
data/case_20211030/x/0179.png,data/case_20211030/y/0179.png
data/case_20211030/x/0180.png,data/case_20211030/y/0180.png
data/case_20211030/x/0181.png,data/case_20211030/y/0181.png
data/case_20211030/x/0182.png,data/case_20211030/y/0182.png
data/case_20211030/x/0183.png,data/case_20211030/y/0183.png
data/case_20211030/x/0184.png,data/case_20211030/y/0184.png
data/case_20211030/x/0185.png,data/case_20211030/y/0185.png
data/case_20211030/x/0186.png,data/case_20211030/y/0186.png
data/case_20211030/x/0187.png,data/case_20211030/y/0187.png
data/case_20211030/x/0188.png,data/case_20211030/y/0188.png
data/case_20211030/x/0189.png,data/case_20211030/y/0189.png
data/case_20211030/x/0190.png,data/case_20211030/y/0190.png
data/case_20211030/x/0191.png,data/case_20211030/y/0191.png
data/case_20211030/x/0192.png,data/case_20211030/y/0192.png
data/case_20211030/x/0193.png,data/case_20211030/y/0193.png
data/case_20211030/x/0194.png,data/case_20211030/y/0194.png
data/case_20211030/x/0195.png,data/case_20211030/y/0195.png
data/case_20211030/x/0196.png,data/case_20211030/y/0196.png
data/case_20211030/x/0197.png,data/case_20211030/y/0197.png
data/case_20211030/x/0198.png,data/case_20211030/y/0198.png
data/case_20211030/x/0199.png,data/case_20211030/y/0199.png
data/case_20211030/x/0200.png,data/case_20211030/y/0200.png
data/case_20211030/x/0201.png,data/case_20211030/y/0201.png
data/case_20211030/x/0202.png,data/case_20211030/y/0202.png
data/case_20211030/x/0203.png,data/case_20211030/y/0203.png
data/case_20211030/x/0204.png,data/case_20211030/y/0204.png
data/case_20211030/x/0205.png,data/case_20211030/y/0205.png
data/case_20211030/x/0206.png,data/case_20211030/y/0206.png
data/case_20211030/x/0207.png,data/case_20211030/y/0207.png
data/case_20211030/x/0208.png,data/case_20211030/y/0208.png
data/case_20211030/x/0209.png,data/case_20211030/y/0209.png
data/case_20211030/x/0210.png,data/case_20211030/y/0210.png
data/case_20211030/x/0211.png,data/case_20211030/y/0211.png
data/case_20211030/x/0212.png,data/case_20211030/y/0212.png
data/case_20211030/x/0213.png,data/case_20211030/y/0213.png
data/case_20211030/x/0214.png,data/case_20211030/y/0214.png
data/case_20211030/x/0215.png,data/case_20211030/y/0215.png
data/case_20211030/x/0216.png,data/case_20211030/y/0216.png
data/case_20211030/x/0217.png,data/case_20211030/y/0217.png
data/case_20211030/x/0218.png,data/case_20211030/y/0218.png
data/case_20211030/x/0219.png,data/case_20211030/y/0219.png
data/case_20211030/x/0220.png,data/case_20211030/y/0220.png
data/case_20211030/x/0221.png,data/case_20211030/y/0221.png
data/case_20211030/x/0222.png,data/case_20211030/y/0222.png
data/case_20211030/x/0223.png,data/case_20211030/y/0223.png
data/case_20211030/x/0224.png,data/case_20211030/y/0224.png
data/case_20211030/x/0225.png,data/case_20211030/y/0225.png
data/case_20211030/x/0226.png,data/case_20211030/y/0226.png
data/case_20211030/x/0227.png,data/case_20211030/y/0227.png
data/case_20211030/x/0228.png,data/case_20211030/y/0228.png
data/case_20211030/x/0229.png,data/case_20211030/y/0229.png
data/case_20211030/x/0230.png,data/case_20211030/y/0230.png
data/case_20211030/x/0231.png,data/case_20211030/y/0231.png
data/case_20211030/x/0232.png,data/case_20211030/y/0232.png
data/case_20211030/x/0233.png,data/case_20211030/y/0233.png
data/case_20211030/x/0234.png,data/case_20211030/y/0234.png
data/case_20211030/x/0235.png,data/case_20211030/y/0235.png
data/case_20211030/x/0236.png,data/case_20211030/y/0236.png
data/case_20211030/x/0237.png,data/case_20211030/y/0237.png
data/case_20211030/x/0238.png,data/case_20211030/y/0238.png
data/case_20211030/x/0239.png,data/case_20211030/y/0239.png
data/case_20211030/x/0240.png,data/case_20211030/y/0240.png
data/case_20211030/x/0241.png,data/case_20211030/y/0241.png
data/case_20211030/x/0242.png,data/case_20211030/y/0242.png
data/case_20211030/x/0243.png,data/case_20211030/y/0243.png
data/case_20211030/x/0244.png,data/case_20211030/y/0244.png
data/case_20211030/x/0245.png,data/case_20211030/y/0245.png
data/case_20211030/x/0246.png,data/case_20211030/y/0246.png
data/case_20211030/x/0247.png,data/case_20211030/y/0247.png
data/case_20211030/x/0248.png,data/case_20211030/y/0248.png
data/case_20211030/x/0249.png,data/case_20211030/y/0249.png
data/case_20211030/x/0250.png,data/case_20211030/y/0250.png
data/case_20211030/x/0251.png,data/case_20211030/y/0251.png
data/case_20211030/x/0252.png,data/case_20211030/y/0252.png
data/case_20211030/x/0253.png,data/case_20211030/y/0253.png
data/case_20211030/x/0254.png,data/case_20211030/y/0254.png
data/case_20211030/x/0255.png,data/case_20211030/y/0255.png
data/case_20211030/x/0256.png,data/case_20211030/y/0256.png
data/case_20211030/x/0257.png,data/case_20211030/y/0257.png
data/case_20211030/x/0258.png,data/case_20211030/y/0258.png
data/case_20211030/x/0259.png,data/case_20211030/y/0259.png
data/case_20211030/x/0260.png,data/case_20211030/y/0260.png
data/case_20211030/x/0261.png,data/case_20211030/y/0261.png
data/case_20211030/x/0262.png,data/case_20211030/y/0262.png
data/case_20211030/x/0263.png,data/case_20211030/y/0263.png
data/case_20211030/x/0264.png,data/case_20211030/y/0264.png
data/case_20211030/x/0265.png,data/case_20211030/y/0265.png
data/case_20211030/x/0266.png,data/case_20211030/y/0266.png
data/case_20211030/x/0267.png,data/case_20211030/y/0267.png
data/case_20211030/x/0268.png,data/case_20211030/y/0268.png
data/case_20211030/x/0269.png,data/case_20211030/y/0269.png
data/case_20211030/x/0270.png,data/case_20211030/y/0270.png
data/case_20211030/x/0271.png,data/case_20211030/y/0271.png
data/case_20211030/x/0272.png,data/case_20211030/y/0272.png
data/case_20211030/x/0273.png,data/case_20211030/y/0273.png
data/case_20211030/x/0274.png,data/case_20211030/y/0274.png
data/case_20211030/x/0275.png,data/case_20211030/y/0275.png
data/case_20211030/x/0276.png,data/case_20211030/y/0276.png
data/case_20211030/x/0277.png,data/case_20211030/y/0277.png
data/case_20211030/x/0278.png,data/case_20211030/y/0278.png
data/case_20211030/x/0279.png,data/case_20211030/y/0279.png
data/case_20211030/x/0280.png,data/case_20211030/y/0280.png
data/case_20211030/x/0281.png,data/case_20211030/y/0281.png
data/case_20211030/x/0282.png,data/case_20211030/y/0282.png
data/case_20211030/x/0283.png,data/case_20211030/y/0283.png
data/case_20211030/x/0284.png,data/case_20211030/y/0284.png
data/case_20211030/x/0285.png,data/case_20211030/y/0285.png
data/case_20211030/x/0286.png,data/case_20211030/y/0286.png
data/case_20211030/x/0287.png,data/case_20211030/y/0287.png
data/case_20211030/x/0288.png,data/case_20211030/y/0288.png
data/case_20211030/x/0289.png,data/case_20211030/y/0289.png
data/case_20211030/x/0290.png,data/case_20211030/y/0290.png
data/case_20211030/x/0291.png,data/case_20211030/y/0291.png
data/case_20211030/x/0292.png,data/case_20211030/y/0292.png
data/case_20211030/x/0293.png,data/case_20211030/y/0293.png
data/case_20211030/x/0294.png,data/case_20211030/y/0294.png
data/case_20211030/x/0295.png,data/case_20211030/y/0295.png
data/case_20211030/x/0296.png,data/case_20211030/y/0296.png
data/case_20211030/x/0297.png,data/case_20211030/y/0297.png
data/case_20211030/x/0298.png,data/case_20211030/y/0298.png
data/case_20211030/x/0299.png,data/case_20211030/y/0299.png
data/case_20211030/x/0300.png,data/case_20211030/y/0300.png
data/case_20211030/x/0301.png,data/case_20211030/y/0301.png
data/case_20211030/x/0302.png,data/case_20211030/y/0302.png
data/case_20211030/x/0303.png,data/case_20211030/y/0303.png
data/case_20211030/x/0304.png,data/case_20211030/y/0304.png
data/case_20211030/x/0305.png,data/case_20211030/y/0305.png
data/case_20211030/x/0306.png,data/case_20211030/y/0306.png
data/case_20211030/x/0307.png,data/case_20211030/y/0307.png
data/case_20211030/x/0308.png,data/case_20211030/y/0308.png
data/case_20211030/x/0309.png,data/case_20211030/y/0309.png
data/case_20211030/x/0310.png,data/case_20211030/y/0310.png
data/case_20211030/x/0311.png,data/case_20211030/y/0311.png
data/case_20211030/x/0312.png,data/case_20211030/y/0312.png
data/case_20211030/x/0313.png,data/case_20211030/y/0313.png
data/case_20211030/x/0314.png,data/case_20211030/y/0314.png
data/case_20211030/x/0315.png,data/case_20211030/y/0315.png
data/case_20211030/x/0316.png,data/case_20211030/y/0316.png
data/case_20211030/x/0317.png,data/case_20211030/y/0317.png
data/case_20211030/x/0318.png,data/case_20211030/y/0318.png
data/case_20211030/x/0319.png,data/case_20211030/y/0319.png
data/case_20211030/x/0320.png,data/case_20211030/y/0320.png
data/case_20211030/x/0321.png,data/case_20211030/y/0321.png
data/case_20211030/x/0322.png,data/case_20211030/y/0322.png
data/case_20211030/x/0323.png,data/case_20211030/y/0323.png
data/case_20211030/x/0324.png,data/case_20211030/y/0324.png
data/case_20211030/x/0325.png,data/case_20211030/y/0325.png
data/case_20211030/x/0326.png,data/case_20211030/y/0326.png
data/case_20211030/x/0327.png,data/case_20211030/y/0327.png
data/case_20211030/x/0328.png,data/case_20211030/y/0328.png
data/case_20211030/x/0329.png,data/case_20211030/y/0329.png
data/case_20211030/x/0330.png,data/case_20211030/y/0330.png
data/case_20211030/x/0331.png,data/case_20211030/y/0331.png
data/case_20211030/x/0332.png,data/case_20211030/y/0332.png
data/case_20211030/x/0333.png,data/case_20211030/y/0333.png
data/case_20211030/x/0334.png,data/case_20211030/y/0334.png
data/case_20211030/x/0335.png,data/case_20211030/y/0335.png
data/case_20211030/x/0336.png,data/case_20211030/y/0336.png
data/case_20211030/x/0337.png,data/case_20211030/y/0337.png
data/case_20211030/x/0338.png,data/case_20211030/y/0338.png
data/case_20211030/x/0339.png,data/case_20211030/y/0339.png
data/case_20211030/x/0340.png,data/case_20211030/y/0340.png
data/case_20211030/x/0341.png,data/case_20211030/y/0341.png
data/case_20211030/x/0342.png,data/case_20211030/y/0342.png
data/case_20211030/x/0343.png,data/case_20211030/y/0343.png
data/case_20211030/x/0344.png,data/case_20211030/y/0344.png
data/case_20211030/x/0345.png,data/case_20211030/y/0345.png
data/case_20211030/x/0346.png,data/case_20211030/y/0346.png
data/case_20211030/x/0347.png,data/case_20211030/y/0347.png
data/case_20211030/x/0348.png,data/case_20211030/y/0348.png
data/case_20211030/x/0349.png,data/case_20211030/y/0349.png
data/case_20211030/x/0350.png,data/case_20211030/y/0350.png
data/case_20211030/x/0351.png,data/case_20211030/y/0351.png
data/case_20211030/x/0352.png,data/case_20211030/y/0352.png
data/case_20211030/x/0353.png,data/case_20211030/y/0353.png
data/case_20211030/x/0354.png,data/case_20211030/y/0354.png
data/case_20211030/x/0355.png,data/case_20211030/y/0355.png
data/case_20211030/x/0356.png,data/case_20211030/y/0356.png
data/case_20211030/x/0357.png,data/case_20211030/y/0357.png
data/case_20211030/x/0358.png,data/case_20211030/y/0358.png
data/case_20211030/x/0359.png,data/case_20211030/y/0359.png
data/case_20211030/x/0360.png,data/case_20211030/y/0360.png
data/case_20211030/x/0361.png,data/case_20211030/y/0361.png
data/case_20211030/x/0362.png,data/case_20211030/y/0362.png
data/case_20211030/x/0363.png,data/case_20211030/y/0363.png
data/case_20211030/x/0364.png,data/case_20211030/y/0364.png
data/case_20211030/x/0365.png,data/case_20211030/y/0365.png
data/case_20211030/x/0366.png,data/case_20211030/y/0366.png
data/case_20211030/x/0367.png,data/case_20211030/y/0367.png
data/case_20211030/x/0368.png,data/case_20211030/y/0368.png
data/case_20211030/x/0369.png,data/case_20211030/y/0369.png
data/case_20211030/x/0370.png,data/case_20211030/y/0370.png
data/case_20211030/x/0371.png,data/case_20211030/y/0371.png
data/case_20211030/x/0372.png,data/case_20211030/y/0372.png
data/case_20211030/x/0373.png,data/case_20211030/y/0373.png
data/case_20211030/x/0374.png,data/case_20211030/y/0374.png
data/case_20211030/x/0375.png,data/case_20211030/y/0375.png
data/case_20211030/x/0376.png,data/case_20211030/y/0376.png
data/case_20211030/x/0377.png,data/case_20211030/y/0377.png
data/case_20211030/x/0378.png,data/case_20211030/y/0378.png
data/case_20211030/x/0379.png,data/case_20211030/y/0379.png
data/case_20211030/x/0380.png,data/case_20211030/y/0380.png
data/case_20211030/x/0381.png,data/case_20211030/y/0381.png
data/case_20211030/x/0382.png,data/case_20211030/y/0382.png
data/case_20211030/x/0383.png,data/case_20211030/y/0383.png
data/case_20211030/x/0384.png,data/case_20211030/y/0384.png
data/case_20211030/x/0385.png,data/case_20211030/y/0385.png
data/case_20211030/x/0386.png,data/case_20211030/y/0386.png
data/case_20211030/x/0387.png,data/case_20211030/y/0387.png
data/case_20211030/x/0388.png,data/case_20211030/y/0388.png
data/case_20211030/x/0389.png,data/case_20211030/y/0389.png
data/case_20211030/x/0390.png,data/case_20211030/y/0390.png
data/case_20211030/x/0391.png,data/case_20211030/y/0391.png
data/case_20211030/x/0392.png,data/case_20211030/y/0392.png
data/case_20211030/x/0393.png,data/case_20211030/y/0393.png
data/case_20211030/x/0394.png,data/case_20211030/y/0394.png
data/case_20211030/x/0395.png,data/case_20211030/y/0395.png
data/case_20211030/x/0396.png,data/case_20211030/y/0396.png
data/case_20211030/x/0397.png,data/case_20211030/y/0397.png
data/case_20211030/x/0398.png,data/case_20211030/y/0398.png
data/case_20211030/x/0399.png,data/case_20211030/y/0399.png
data/case_20211030/x/0400.png,data/case_20211030/y/0400.png
data/case_20211030/x/0401.png,data/case_20211030/y/0401.png
data/case_20211030/x/0402.png,data/case_20211030/y/0402.png
data/case_20211030/x/0403.png,data/case_20211030/y/0403.png
data/case_20211030/x/0404.png,data/case_20211030/y/0404.png
data/case_20211030/x/0405.png,data/case_20211030/y/0405.png
data/case_20211030/x/0406.png,data/case_20211030/y/0406.png
data/case_20211030/x/0407.png,data/case_20211030/y/0407.png
data/case_20211030/x/0408.png,data/case_20211030/y/0408.png
data/case_20211030/x/0409.png,data/case_20211030/y/0409.png
data/case_20211030/x/0410.png,data/case_20211030/y/0410.png
data/case_20211030/x/0411.png,data/case_20211030/y/0411.png
data/case_20211030/x/0412.png,data/case_20211030/y/0412.png
data/case_20211030/x/0413.png,data/case_20211030/y/0413.png
data/case_20211030/x/0414.png,data/case_20211030/y/0414.png
data/case_20211030/x/0415.png,data/case_20211030/y/0415.png
data/case_20211030/x/0416.png,data/case_20211030/y/0416.png
data/case_20211030/x/0417.png,data/case_20211030/y/0417.png
data/case_20211030/x/0418.png,data/case_20211030/y/0418.png
data/case_20211030/x/0419.png,data/case_20211030/y/0419.png
data/case_20211030/x/0420.png,data/case_20211030/y/0420.png
data/case_20211030/x/0421.png,data/case_20211030/y/0421.png
data/case_20211030/x/0422.png,data/case_20211030/y/0422.png
data/case_20211030/x/0423.png,data/case_20211030/y/0423.png
data/case_20211030/x/0424.png,data/case_20211030/y/0424.png
data/case_20211030/x/0425.png,data/case_20211030/y/0425.png
data/case_20211030/x/0426.png,data/case_20211030/y/0426.png
data/case_20211030/x/0427.png,data/case_20211030/y/0427.png
data/case_20211030/x/0428.png,data/case_20211030/y/0428.png
data/case_20211030/x/0429.png,data/case_20211030/y/0429.png
data/case_20211030/x/0430.png,data/case_20211030/y/0430.png
data/case_20211030/x/0431.png,data/case_20211030/y/0431.png
data/case_20211030/x/0432.png,data/case_20211030/y/0432.png
data/case_20211030/x/0433.png,data/case_20211030/y/0433.png
data/case_20211030/x/0434.png,data/case_20211030/y/0434.png
data/case_20211030/x/0435.png,data/case_20211030/y/0435.png
data/case_20211030/x/0436.png,data/case_20211030/y/0436.png
data/case_20211030/x/0437.png,data/case_20211030/y/0437.png
data/case_20211030/x/0438.png,data/case_20211030/y/0438.png
data/case_20211030/x/0439.png,data/case_20211030/y/0439.png
data/case_20211030/x/0440.png,data/case_20211030/y/0440.png
data/case_20211030/x/0441.png,data/case_20211030/y/0441.png
data/case_20211030/x/0442.png,data/case_20211030/y/0442.png
data/case_20211030/x/0443.png,data/case_20211030/y/0443.png
data/case_20211030/x/0444.png,data/case_20211030/y/0444.png
data/case_20211030/x/0445.png,data/case_20211030/y/0445.png
data/case_20211030/x/0446.png,data/case_20211030/y/0446.png
data/case_20211030/x/0447.png,data/case_20211030/y/0447.png
data/case_20211030/x/0448.png,data/case_20211030/y/0448.png
data/case_20211030/x/0449.png,data/case_20211030/y/0449.png
data/case_20211030/x/0450.png,data/case_20211030/y/0450.png
data/case_20211030/x/0451.png,data/case_20211030/y/0451.png
data/case_20211030/x/0452.png,data/case_20211030/y/0452.png
data/case_20211030/x/0453.png,data/case_20211030/y/0453.png
data/case_20211030/x/0454.png,data/case_20211030/y/0454.png
data/case_20211030/x/0455.png,data/case_20211030/y/0455.png
data/case_20211030/x/0456.png,data/case_20211030/y/0456.png
data/case_20211030/x/0457.png,data/case_20211030/y/0457.png
data/case_20211030/x/0458.png,data/case_20211030/y/0458.png
data/case_20211030/x/0459.png,data/case_20211030/y/0459.png
data/case_20211030/x/0460.png,data/case_20211030/y/0460.png
data/case_20211030/x/0461.png,data/case_20211030/y/0461.png
data/case_20211030/x/0462.png,data/case_20211030/y/0462.png
data/case_20211030/x/0463.png,data/case_20211030/y/0463.png
data/case_20211030/x/0464.png,data/case_20211030/y/0464.png
data/case_20211030/x/0465.png,data/case_20211030/y/0465.png
data/case_20211030/x/0466.png,data/case_20211030/y/0466.png
data/case_20211030/x/0467.png,data/case_20211030/y/0467.png
data/case_20211030/x/0468.png,data/case_20211030/y/0468.png
data/case_20211030/x/0469.png,data/case_20211030/y/0469.png
data/case_20211030/x/0470.png,data/case_20211030/y/0470.png
data/case_20211030/x/0471.png,data/case_20211030/y/0471.png
data/case_20211030/x/0472.png,data/case_20211030/y/0472.png
data/case_20211030/x/0473.png,data/case_20211030/y/0473.png
data/case_20211030/x/0474.png,data/case_20211030/y/0474.png
data/case_20211030/x/0475.png,data/case_20211030/y/0475.png
data/case_20211030/x/0476.png,data/case_20211030/y/0476.png
data/case_20211030/x/0477.png,data/case_20211030/y/0477.png
data/case_20211030/x/0478.png,data/case_20211030/y/0478.png
data/case_20211030/x/0479.png,data/case_20211030/y/0479.png
data/case_20211030/x/0480.png,data/case_20211030/y/0480.png
data/case_20211030/x/0481.png,data/case_20211030/y/0481.png
data/case_20211030/x/0482.png,data/case_20211030/y/0482.png
data/case_20211030/x/0483.png,data/case_20211030/y/0483.png
data/case_20211030/x/0484.png,data/case_20211030/y/0484.png
data/case_20211030/x/0485.png,data/case_20211030/y/0485.png
data/case_20211030/x/0486.png,data/case_20211030/y/0486.png
data/case_20211030/x/0487.png,data/case_20211030/y/0487.png
data/case_20211030/x/0488.png,data/case_20211030/y/0488.png
data/case_20211030/x/0489.png,data/case_20211030/y/0489.png
data/case_20211030/x/0490.png,data/case_20211030/y/0490.png
data/case_20211030/x/0491.png,data/case_20211030/y/0491.png
data/case_20211030/x/0492.png,data/case_20211030/y/0492.png
data/case_20211030/x/0493.png,data/case_20211030/y/0493.png
data/case_20211030/x/0494.png,data/case_20211030/y/0494.png
data/case_20211030/x/0495.png,data/case_20211030/y/0495.png
data/case_20211030/x/0496.png,data/case_20211030/y/0496.png
data/case_20211030/x/0497.png,data/case_20211030/y/0497.png
data/case_20211030/x/0498.png,data/case_20211030/y/0498.png
data/case_20211030/x/0499.png,data/case_20211030/y/0499.png
data/case_20211030/x/0500.png,data/case_20211030/y/0500.png